Time,ADC Value,Std Deviation,Calibrated OD
0,2478.04,121.5157,0.1628869
30,2466.03,173.5804,0.1719838
60,2470.48,155.205,0.1686081
90,2467.07,174.2359,0.1711943
